ID,generated_optimized_desc
7461,Dynamically stretch the breath and retone your respiratory muscles with Jill as she guides you through using a Cour-gous Ball on the diaphragm fasha.
1069646,Rolling along muscles and fasha that stitch up the spine can support rib flexibility and breath elasticity in this video with Jill.
1087809,"This class with Jill focuses on identifying the major and minor players of your core, including self-myofascial release and breath-based exercises to access every molecule of your belly and being."
7537,Learn how to use Therapy Balls to shift stress into relaxation mode using fashal mobilization and breathwork with Jill Miller.
7621,Join Jill Miller and Kelly Starrett as they explore the functionality of fasha and its influence on the body system in this enlightening Yoga Tune UpÂ® video.
1073638,Dynamically stretch the breath and retone your respiratory muscles with Jill as she guides you through using a Cour-gous Ball on the diaphragm fascia.
7773,"Jill delves into the Delphi Study on foam rolling contraindications and explores Myofascial Acoustic Compression Therapy benefits, crafting a sequence centered around Meditation in Motion."
7576,"Join Jill as she guides you through the network of bones, joints, muscles, and fasha of your chest, refining ribcage breathing practices while incorporating back strengthening and shoulder freeing movements."
1087806,"This class by Jill focuses on the impact of tensional compensations on breast tissue within the fascial network, suitable for individuals with scar tissue from chest or breast surgeries."
7518,"Exploring the origins of elbow pain, Jill delves into the layers of elbow, forearm, and wrist myofasha to guide you towards the path to healing."
7465,"In this class, Jill guides you through Downward Dog to explore how the shoulders connect into the fascial tracts of the back body for greater ease of range from heel to hands."
1081216,"Move through multiple body regions with Jill in this class to enhance your movement and connectivity throughout your joints, muscles, fasha, and body sense."
107156,Join Jill in this video to discover Roll Model strategies that reset myofascial tissues for improved knee support and coordination.
1101704,"Enhance hip strength and mobility with dynamic and isometric challenges, single leg work, and self-myofascial release in this class by Jill."
1039607,"Join Jill in this class to fluff your fasha and lay the groundwork for movement and pain relief, whether you're aiming to showcase your physique or indulge in a little rollief."
1058389,Learn how to master 9 proven self myofascial release rolling techniques for almost any soft tissue through Jill's Roll Model self-massage approach.
1069640,"Reduce neck and jaw pain by targeting the fasha below your collarbone in this segment with Jill, offering relief that ripples through your chest, arms, and brachial plexus."
14552,"Join Jill in this class for an easy access pelvic floor self-myofascial release that integrates functional exercises targeting the hips, low back, abdominal layers, and breath work."
746723,Learn the basics of fascia to make informed decisions about your body's fascial system in this informative class with Jill.
14806,"Join Jill in this class combining self-myofascial release, breath, and position for headache relief."
7479,Explore how to maximize your push power by identifying the fascial pre-stretch of your pecs in this class led by Jill.
1074120,Experience a transformative skull massage with Jill to release tension and shift your mental state through fluid movement of fashas and fluids.
7514,"In this class, Jill addresses the myofascial connections of the neck to the face, head, and muscles of sight to help build neck resilience and relieve pain related to eye strain and desk sitting."
1072880,Rock your way to a more comfortable shape as Jill guides you through fascial body movements to relax your mind and core tissues.
7718,"In this foot mobilization sequence, Jill Miller targets the fasha and muscles surrounding the feet and ankles through deep stretches and massage to restore joint mobility."
1069650,Rollout with Jill as she guides you through destressing the fascia that weaves across the ribcage by cleaning out the gutters between the ribs.